Air Conditioners,/cro/air-conditioners.htm
Air Filters,/cro/air-filters.htm
Air Fryers,/cro/air-fryers.htm
Air Mattresses,/cro/air-mattresses.htm
Air Purifiers,/cro/air-purifiers.htm
Airline Travel,/cro/airline-travel.htm
All-Purpose Cleaners,/cro/all-purpose-cleaners.htm
Antivirus Software,/cro/antivirus-software.htm
Appliance Stores,/cro/appliance-stores.htm
Athletic shoes,/cro/athletic-shoes/buying-guide/index.htm
Baby Bathtubs,/cro/baby-bathtubs/buying-guide/index.htm
Baby Food,/cro/baby-food/buying-guide/index.htm
Baby formulas,/cro/baby-formula/buying-guide/index.htm
Baby Monitors,/cro/baby-monitors.htm
Backpack Carriers,/cro/backpack-carriers/buying-guide/index.htm
Backpacks,/cro/backpacks/buying-guide/index.htm
Banks & Credit Unions,/cro/banks-credit-unions.htm
Bassinets,/cro/bassinets/buying-guide/index.htm
Batteries,/cro/batteries.htm
Bike Helmets,/cro/bike-helmets.htm
Bike trailers,/cro/bike-trailers/buying-guide/index.htm
Bikes,/cro/bikes/buying-guide/index.htm
Blenders,/cro/blenders.htm
Blood Glucose Meters,/cro/blood-glucose-meters.htm
Blood Pressure Monitors,/cro/blood-pressure-monitors.htm
Blu-Ray Players,/cro/blu-ray-players.htm
Boilers,/cro/boilers/buying-guide/index.htm
Breast pumps,/cro/breast-pumps/buying-guide/index.htm
Camcorders,/cro/camcorders.htm
Cameras,/cro/cameras.htm
Car batteries,/cro/car-batteries.htm
Car Insurance,/cro/car-insurance.htm
Car repair shops,/cro/car-repair-shops.htm
Car Seats,/cro/car-seats.htm
Car wax,/cro/car-wax.htm
Carpet cleaners,/cro/carpet-cleaners.htm
Carpet stain removers,/cro/carpet-stain-removers.htm
Cars,/cars/
Cell phones & services,/cro/cell-phones-services.htm
Central Air Conditioning,/cro/central-air-conditioning/buying-guide/index.htm
Chainsaws,/cro/chainsaws.htm
Clothes Dryers,/cro/clothes-dryers.htm
Coffee,/cro/coffee.htm
Coffee Grinders,/cro/coffee-grinders.htm
Coffee makers,/cro/coffee-makers.htm
Computer backup systems,/cro/computer-backup-systems/buying-guide/index.htm
Computer monitors,/cro/computer-monitors.htm
Computers,/cro/computers.htm
Convertibles,/cro/cars/convertibles.htm
Cooktops,/cro/cooktops.htm
Cookware,/cro/cookware.htm
Cordless Drills,/cro/cordless-drills.htm
Cordless phones,/cro/cordless-phones.htm
Countertops,/cro/countertops.htm
Credit cards,/cro/credit-cards/buying-guide/index.htm
Crib bedding,/cro/crib-bedding/buying-guide/index.htm
Crib mattresses,/cro/crib-mattresses/buying-guide/index.htm
Cribs,/cro/cribs.htm
Customer service,/cro/customer-service.htm
Decking,/cro/decking.htm
Dehumidifiers,/cro/dehumidifiers.htm
Diaper bags,/cro/diaper-bags/buying-guide/index.htm
Diapers,/cro/diapers/buying-guide/index.htm
Diet Plans,/cro/diet-plans.htm
Dishwasher Detergents,/cro/dishwasher-detergents.htm
Dishwashers,/cro/dishwashers.htm
Door Locks,/cro/door-locks.htm
E-book readers,/cro/e-book-readers.htm
Electric Kettles,/cro/electric-kettles.htm
Electric razors,/cro/electric-razors.htm
Electronics stores,/cro/electronics-stores.htm
Ellipticals,/cro/ellipticals.htm
Entry doors,/cro/entry-doors/buying-guide/index.htm
Exercise bikes,/cro/exercise-bikes.htm
Extended warranties,/cro/extended-warranties/buying-guide/index.htm
Eyeglass & Contact Lens Stores,/cro/eyeglass-contact-lens-stores.htm
Fast Food,/cro/fast-food.htm
Fast-food restaurants,/cro/fast-food-restaurants.htm
Faucets,/cro/faucets/buying-guide/index.htm
Fire extinguishers,/cro/fire-extinguishers/buying-guide/index.htm
Fitness trackers,/cro/fitness-trackers.htm
Flooring,/cro/flooring.htm
Food processors & choppers,/cro/food-processors-choppers.htm
Freezers,/cro/freezers.htm
Frozen Foods,/cro/frozen-foods.htm
Frozen pizza,/cro/frozen-pizza.htm
Furniture Stores,/cro/furniture-stores.htm
Garbage Disposals,/cro/garbage-disposals.htm
Gas furnaces,/cro/gas-furnaces/buying-guide/index.htm
Generators,/cro/generators.htm
Glues,/cro/glues/buying-guide/index.htm
GPS,/cro/gps.htm
Grills,/cro/grills.htm
Grocery Stores & Supermarkets,/cro/grocery-stores-supermarkets.htm
Hair removal,/cro/hair-removal/buying-guide/index.htm
Headlight restoration kits,/cro/headlight-restoration-kits/buying-guide/index.htm
Headphones,/cro/headphones.htm
Healthy snacks,/cro/healthy-snacks.htm
Hearing aids,/cro/hearing-aids.htm
Heart-rate monitors,/cro/heart-rate-monitors.htm
Heat pumps,/cro/heat-pumps/buying-guide/index.htm
High chairs,/cro/high-chairs.htm
Home Security Cameras,/cro/home-security-cameras.htm
Home Security Systems,/cro/home-security-systems.htm
Homeowners insurance,/cro/homeowners-insurance.htm
Hotel rooms,/cro/hotel-rooms/buying-guide/index.htm
Humidifiers,/cro/humidifiers.htm
Hybrids/EVs,/cro/cars/hybrids-evs.htm
Ice Creams & Frozen Desserts,/cro/ice-creams-frozen-desserts.htm
Insect Repellents,/cro/insect-repellent.htm
Investment companies,/cro/investment-companies.htm
Juicers,/cro/juicers/buying-guide/index.htm
Jump starters,/cro/jump-starters.htm
Kitchen cabinets,/cro/kitchen-cabinets/buying-guide/index.htm
Kitchen knives,/cro/kitchen-knives.htm
Ladders,/cro/ladders/buying-guide/index.htm
Laundry detergents,/cro/laundry-detergents.htm
Laundry Stain Removers,/cro/laundry-stain-removers.htm
Lawn mowers & tractors,/cro/lawn-mowers.htm
Lead test kits,/cro/lead-test-kits/buying-guide/index.htm
Leaf Blowers,/cro/leaf-blowers.htm
Lightbulbs,/cro/lightbulbs.htm
Luggage,/cro/luggage.htm
Luxury cars,/cro/cars/luxury-cars.htm
Mattresses,/cro/mattresses.htm
Meat thermometers,/cro/meat-thermometers.htm
Medical Alert Systems,/cro/medical-alert-systems.htm
Microwave ovens,/cro/microwave-ovens.htm
Milk & Milk Alternatives,/cro/milk-milk-alternatives.htm
Minivans,/cro/cars/minivans.htm
Mixers,/cro/mixers.htm
Mobile security software,/cro/mobile-security-software.htm
Motorcycles,/cro/motorcycles.htm
Multi-Cookers,/cro/multi-cookers.htm
Nursing bras,/cro/nursing-bras/buying-guide/index.htm
Paints,/cro/paints.htm
Paper towels,/cro/paper-towels.htm
Password Managers,/cro/password-managers.htm
Pasta Sauce,/cro/pasta-sauce.htm
Pedometers,/cro/pedometers.htm
Pharmacies,/cro/pharmacies.htm
Pickup trucks,/cro/cars/pickup-trucks.htm
Pillows,/cro/pillows.htm
Play yards,/cro/play-yards/buying-guide/index.htm
Prepaid cards,/cro/prepaid-cards/buying-guide/index.htm
Pressure Washers,/cro/pressure-washers.htm
Printers,/cro/printers.htm
Range hoods,/cro/range-hoods/buying-guide/index.htm
Ranges,/cro/ranges.htm
Refrigerator thermometers,/cro/refrigerator-thermometers.htm
Refrigerators,/cro/refrigerators.htm
Replacement Windows,/cro/replacement-windows.htm
Restaurants,/cro/restaurants.htm
Rewards cards,/cro/rewards-cards/buying-guide/index.htm
Rice Cookers,/cro/rice-cookers.htm
Roofing,/cro/roofing.htm
Rowing machines,/cro/rowing-machines.htm
Safety gates,/cro/safety-gates/buying-guide/index.htm
Scales,/cro/scales.htm
Sedans,/cro/cars/sedans.htm
Sewing machines,/cro/sewing-machines/buying-guide/index.htm
Sheets,/cro/sheets.htm
Shopping websites,/cro/shopping-websites.htm
Showerheads,/cro/showerheads.htm
Siding,/cro/siding.htm
Sinks,/cro/sinks.htm
Slow Cookers,/cro/slow-cookers.htm
Small cars,/cro/cars/small-cars.htm
Smart Speakers,/cro/smart-speakers.htm
Smartwatches,/cro/smartwatch.htm
Smoke & Carbon Monoxide Detectors,/cro/smoke-carbon-monoxide-detectors.htm
Snow Blowers,/cro/snow-blowers.htm
Sound bars,/cro/sound-bars.htm
Space Heaters,/cro/space-heaters.htm
Sporting goods stores,/cro/sporting-goods-stores.htm
Sports cars,/cro/cars/sports-cars.htm
Sprinkler Timers,/cro/sprinkler-timers.htm
Steam irons,/cro/steam-irons.htm
Steam mops,/cro/steam-mops.htm
Store credit cards,/cro/store-credit-cards/buying-guide/index.htm
Streaming Media,/cro/streaming-media.htm
String Trimmers,/cro/string-trimmers.htm
Strollers,/cro/strollers.htm
Sunscreens,/cro/sunscreens.htm
SUVs,/cro/cars/suvs.htm
Tablets,/cro/tablets.htm
Telecom services,/cro/telecom-services.htm
Thermometers,/cro/thermometers.htm
Thermostats,/cro/thermostats.htm
Tire pressure gauges,/cro/tire-pressure-gauges.htm
Tire Stores,/cro/tire-stores.htm
Tires,/cro/tires.htm
Toasters & Toaster Ovens,/cro/toasters-toaster-ovens.htm
Toilet paper,/cro/toilet-paper.htm
Toilet-bowl cleaners,/cro/toilet-bowl-cleaners/buying-guide/index.htm
Toilets,/cro/toilets.htm
Toothbrushes,/cro/toothbrushes.htm
Treadmills,/cro/treadmills.htm
TVs,/cro/tvs.htm
Vacuum Cleaners,/cro/vacuum-cleaners.htm
Veggie burgers,/cro/veggie-burgers.htm
Video-game consoles,/cro/video-game-consoles/buying-guide/index.htm
Waffle Makers,/cro/waffle-makers.htm
Wagons,/cro/cars/wagons.htm
Wall Ovens,/cro/wall-ovens.htm
Washing Machines,/cro/washing-machines.htm
Water Filters,/cro/water-filters.htm
Water Heaters,/cro/water-heaters.htm
Water Leak Detectors,/cro/water-leak-detectors.htm
Wet/dry vacuums,/cro/wet-dry-vacuums/buying-guide/index.htm
Wine chillers,/cro/wine-chillers.htm
Wines,/cro/wine/buying-guide/index.htm
Wiper blades,/cro/wiper-blades/buying-guide/index.htm
Wireless & Bluetooth Speakers,/cro/wireless-bluetooth-speakers.htm
Wireless Routers,/cro/wireless-routers.htm
Wood stains,/cro/wood-stains.htm
Yogurts,/cro/yogurt.htm
